site,dnds,entropy
1,0.9574363435345978,4.060986378475189
2,0.43033071039631954,2.5117628579706346
3,0.788174146726672,3.778789068113719
4,0.8158688098494947,3.7443801350274266
5,0.663861530319948,3.494846211421911
6,0.3191955384693276,2.488229432991699
7,0.3391799305827266,2.080087119194835
8,0.2445994925661727,2.4402300028051527
9,0.7159141833984994,3.6388037409928864
10,0.7888384096516997,3.6732272594603748
11,0.7247618036050247,3.4184420479159616
12,0.7964177284775745,3.811011667417431
13,0.6487574949811511,3.34129530692029
14,0.6436924004703862,3.385496949485368
15,0.5411957186075061,3.351121543730647
16,0.6614252697768715,3.2437936939857703
17,0.6888409883096714,3.6124352539174747
18,0.8402673919466791,3.8285068387342194
19,0.5109259315425524,3.093894461220772
20,0.6909489714217283,3.367752304902212
21,0.7939388014475403,3.763574676555258
22,0.8038832214522915,3.7854847958146363
23,0.8497754220448249,3.8952246352724473
24,0.7178716738808283,3.66962878040062
25,0.6919644590298673,3.414301030740801
26,0.5356079973344354,3.1796780538758607
27,0.8306295330537381,3.8424187423533906
28,0.7167622727139811,3.6757769260465136
29,0.6439855405943118,3.254191407628703
30,0.5691960181075993,3.225353881323846
31,0.8012694843575263,3.7400663480419243
32,0.73346826302081,3.5960598691671435
33,0.7483454807694941,3.5716043542168974
34,0.8752444067031276,3.9203892280193324
35,0.6858685339532207,3.4453053462612053
36,0.7872671641854783,3.628991134501742
37,0.7383580301871739,3.5267042487544975
38,0.7653195385363106,3.647330986709856
39,0.7616262498637594,3.641686852876671
40,0.7153113120896847,3.3383763196962666
41,0.8171588545523395,3.857904260746953
42,0.7478469964742731,3.442573200663287
43,0.7834480268010465,3.7200902146978674
44,0.8519103567165298,3.904952611068268
45,0.6804825907985269,3.516832784872928
46,0.7484036307829393,3.567074352385365
47,0.7652906540058056,3.637257560034879
48,0.8493241073263719,3.8844265230959842
49,0.6787244690988167,3.3644895589299377
50,0.8100410530909359,3.809099323298367
51,0.866596218592719,3.8908043081699923
52,0.8149420068569989,3.790379266821468
53,0.7037258706653239,3.39030539906113
54,0.746540055251357,3.6631666107029743
55,0.7384183392503176,3.584646876231606
56,0.6892870127974381,3.458269513389308
57,0.6957800076183481,3.4666973467448408
58,0.673403938445366,3.3235154117279686
59,0.6618342321483863,3.2944954492487573
60,0.6068280562114682,3.423695831551247
61,0.732384432389959,3.615728902053634
62,0.6933491193875297,3.5971251543213714
63,0.6971499274410445,3.5301403784210454
64,0.7438973735208708,3.503555097132562
65,0.5652494864069502,3.193006680025464
66,0.8497147237097343,3.833357700395869
67,0.814963355588912,3.713509655007937
68,0.696886203069401,3.5666071507515444
69,0.5759710232083619,3.299258049644589
70,0.6750102664515634,3.444322396013691
71,0.7983266277847523,3.7379807158421534
72,0.7053397300283991,3.383316144375539
73,0.8745229630778332,3.9282908243045083
74,0.6907720373797177,3.563189052960305
75,0.5230353784249959,3.0979277431742105
76,0.7845688843450477,3.799565062035814
77,0.8238890118073546,3.825695685336329
78,0.6687155828070513,3.2413423525116203
79,0.5379909518184504,3.1212570433342632
80,0.7533817568298561,3.7529467934801852
81,0.7577187375786788,3.660289632317635
82,0.8129571733466298,3.8147820488319764
83,0.8109886940890316,3.7805419668629185
84,0.7248176955147253,3.7263851122044493
85,0.8442477116206075,3.8751603210851173
86,0.7934814950759155,3.8244499434394275
87,0.598088184632436,3.0651892232886295
88,0.5985016755032657,3.2161350151067722
89,0.7114671215948315,3.685702294732861
90,0.788133366881623,3.7785214821329935
91,0.5208148780249441,2.967381747098426
92,0.5705872861795901,3.086785575712545
93,0.5020464288485986,2.9341889118474356
94,0.547567370836071,3.0141385652209114
95,0.7639059526594908,3.6967639637163408
96,0.703076850970361,3.476548047206356
97,0.8088723352524892,3.5854733917809165
98,0.7673515322000757,3.6077077900761583
99,0.6225694124058083,3.3321431102295214
100,0.922727279072583,3.989117256331208
101,0.8983241364741251,3.937846670878544
102,0.8413915780140188,3.8710776154239346
103,0.8212467538276976,3.8277739160220383
104,0.8140843017678334,3.660455705519532
105,0.8640356119547813,3.9140596139138237
106,0.6584315502426651,3.375807194337898
107,0.807535014518795,3.6766647176537117
108,0.8079229340137233,3.736988139595593
109,0.81378305975383,3.816422542189184
110,0.6789025389817367,3.4403365162546136
111,0.769748674489308,3.7357397909890837
112,0.8221467270805715,3.6904630970826826
113,0.6587299359038116,3.2567562626698106
114,0.8734937977030245,3.883935129064031
115,0.7191864482455681,3.350093279546167
116,0.6271293113706616,3.3153219660654334
117,0.8048857768705783,3.86987426137
118,0.7654391050960998,3.6899287539541756
119,0.793628894000205,3.6387995687029884
120,0.819279051912352,3.579344068356138
121,0.7706999153742468,3.727880057977642
122,0.772204891793276,3.7303735627961148
123,0.7130953267229235,3.4984327104536366
124,0.758008960863606,3.6274877013684965
125,0.8840033662312398,3.957625888537416
126,0.7879634811887692,3.834169963921149
127,0.9167432790096387,4.00502641767325
128,0.9122067091727725,3.981977535236636
129,0.8475240822180593,3.8617647702257276
130,0.8267511869965294,3.8114887822684937
131,0.6958071896373558,3.6475109191593806
132,0.6164370180453179,3.295269890121121
133,0.6220945871327503,3.421319577337144
134,0.5861744763890376,3.433119046235678
135,0.7223840252220745,3.615171416050231
136,0.7676743772017676,3.560063283027501
137,0.7515053770723557,3.615453642463935
138,0.6256747978101996,3.2965870308016774
139,0.837447673054447,3.6823005156545863
140,0.787969205764405,3.783218932253547
141,0.658668601422919,3.4660130603949835
142,0.715934453867248,3.5551771316901335
143,0.6165006328447384,3.3284228694324143
144,0.713003715238611,3.726988921264003
145,0.6506043655521043,3.197704422965217
146,0.6760609601475985,3.4719615892348004
147,0.6701764894294691,3.389375689490524
148,0.5875667733436876,2.9266466276375755
149,0.7324277081442356,3.3543194876522753
150,0.5159322796029576,3.085359646732897
151,0.5704074751819608,3.214958303232442
152,0.4102760534526667,2.792848810526319
153,0.6638202361686459,3.4202074296012657
154,0.4984857111592295,3.035324720906863
155,0.6761051305894963,3.337657572258304
156,0.4328300596934177,2.866882789923578
157,0.7277528395668675,3.5652608010199733
158,0.6365189385066478,3.453624988223178
159,0.6022893562665368,3.2623491864039025
160,0.6177288861833466,3.129069215001296
161,0.739899834013771,3.584388737661962
162,0.4956764998668598,3.0470408504952773
163,0.7753326996496532,3.6264253809713565
164,0.7305682031031832,3.6823005690359936
165,0.5917159071781208,3.253534337484632
166,0.6207664648465702,3.518218559237697
167,0.7075487816824528,3.530045446485808
168,0.5827706533529556,3.4084201680155384
169,0.5942861827976116,3.254241877950561
170,0.48950489532709485,3.109086234190294
171,0.647251837590908,3.4654003476819097
172,0.582894943442936,3.232510908507708
173,0.716794924042196,3.5243031673035894
174,0.4189639518400539,2.868115986847019
175,0.5441479897813861,3.148453085496612
176,0.5868076721468122,3.3781510707884608
177,0.5403066554216935,3.036609859877446
178,0.8118240279281069,3.793999419172788
179,0.5852422439170876,3.1881490873980547
180,0.4895873848365702,2.8786357080159926
181,0.7207973897134714,3.7198402090209597
182,0.6808611176241328,3.566113638123981
183,0.767748338217864,3.5427213070750287
184,0.6991404370076725,3.3731178163544895
185,0.5282432457737722,2.9773809060763616
186,0.7141352512687881,3.4659999737020972
187,0.5847971213482471,3.204484952805243
188,0.6807318274917046,3.445795195625
189,0.7662222161514979,3.750510725110064
190,0.7445776479866774,3.4379772579868915
191,0.6541053921601786,3.477510112381636
192,0.7227588418657561,3.393270449467199
193,0.6585210014835171,3.501105099686946
194,0.8427112284896835,3.645833715820738
195,0.45759695381862864,2.9715018105973323
196,0.7701560728731534,3.7359052626030973
197,0.747106874696675,3.5496694434336558
198,0.7330970160922499,3.5556019150300004
199,0.6264106061257333,3.3352070634573785
200,0.6191767934330025,3.270820738578345
201,0.7339259635246937,3.652379251962031
202,0.7190186186295379,3.6902655511056044
203,0.5751913076442627,3.015365344072607
204,0.36740327953850627,2.711793239158156
205,0.7212492784690295,3.5697097144356835
206,0.7015643922323928,3.4722495126502313
207,0.707165281026294,3.3309494302137423
208,0.3813964486223979,2.765843819461933
209,0.5849834919122706,3.163273288031281
210,0.7006308608890967,3.3379169309512515
211,0.844475465600513,3.882803381572737
212,0.5655564421081007,3.171073442128607
213,0.46049657605039124,2.9812817912094958
214,0.8319037179932737,3.8236649583202307
215,0.7406822335705814,3.5418383544706304
216,0.6015236030644917,3.261049656657126
217,0.8198844618144319,3.8506759746140635
218,0.7602270820413646,3.5512089870135286
219,0.7258140169077612,3.5555576534041475
220,0.8500018004904385,3.7629077766843695
221,0.624534303235478,3.3414445395636347
222,0.8268546992808935,3.871874246514893
223,0.8623146297644193,3.859172898382568
224,0.8182835904980827,3.81336049370073
225,0.8022835819994116,3.814213867940366
226,0.7381451732718433,3.5939590257176928
227,0.7616583522250123,3.6242840287115348
228,0.7337458155708539,3.6409513988960347
229,0.706751885934777,3.419495777647185
230,0.7280968336202046,3.492773567360684
231,0.835046117635782,3.837294668239397
232,0.8089486274496057,3.7791714391072193
233,0.6992920439327835,3.4685761196625795
234,0.7840477611928983,3.691320111145663
235,0.7518117854146975,3.516874078116457
236,0.710116616547362,3.4511675692129584
237,0.6175671961400923,3.4391294344158094
238,0.695434962925041,3.6715875668554543
239,0.7855653426631136,3.5202880191525643
240,0.7227037725909244,3.5328864248940257
241,0.6526268705581203,3.107042094430117
242,0.6860397286992924,3.4280090619615646
243,0.6154988598908648,3.352130709579295
244,0.7044193725694077,3.3350581596217825
245,0.6379118553535825,3.4543310378592667
246,0.6371093638356768,3.324968145102686
247,0.7447334429757623,3.7820401872542035
248,0.6186595718389769,3.3076985361844264
249,0.5929444896948933,3.1674949767746745
250,0.792629226989083,3.7357042962274347
251,0.7255960024620197,3.5308622431590013
252,0.6992468523498712,3.3296516261832716
253,0.8155597554591135,3.748367215520217
254,0.7848688690636993,3.5730149340262134
255,0.6659330556333254,3.253403765503681
256,0.6632149464146238,3.4247347837577404
257,0.7535563657402448,3.6482781980087733
258,0.6455197274994611,3.265072557341001
259,0.605872374887484,3.3280180551124987
260,0.7020226590012818,3.5564033364765644
261,0.5379625044825792,3.099415697338076
262,0.596603481432179,3.3453019378499778
263,0.6594293164814304,3.426188079427007
264,0.6341459993905004,3.3720252676120097
265,0.7291431109858245,3.4736748267790025
266,0.7277645712920588,3.5924767633747483
267,0.5756822101707073,3.153213012678338
268,0.7288071055110428,3.676831080277136
269,0.7279624916570513,3.682282406433166
270,0.8107484363255203,3.7761775286503947
271,0.6148144712277364,3.453544138297767
272,0.5788484142413399,3.0058581203523107
273,0.5670811431990708,2.958652376777689
274,0.5478510638120465,3.3120716123825407
275,0.7184245153606194,3.644362068596575
276,0.7907104580823152,3.737297981531128
277,0.6583676301008813,3.364623715330683
278,0.7766656185400049,3.68623564395138
279,0.7638723698801976,3.7401547341432297
280,0.7929103008305737,3.621207107252049
281,0.7395993508241994,3.549022603399861
282,0.6244850967501622,3.4676099146605037
283,0.8453627034664185,3.9154554963695087
284,0.8314154496147362,3.858795181321388
285,0.8205361863139833,3.8280304886149357
286,0.8547173995236061,3.842472502453228
287,0.7510236593651362,3.6592209318595916
288,0.8079487115361621,3.7255872496235845
289,0.857311368719887,3.8371626145336153
290,0.8591344766357862,3.859223122432216
291,0.8416733989628258,3.845852698689354
292,0.8999700060128706,3.9604678293262956
293,0.9019876981429182,3.9466911336109884
294,0.8678135246346032,3.909470920348875
295,0.6401368234148729,3.253790667178126
296,0.8128381427530958,3.660480055093365
297,0.5978217718963936,3.3562574489856405
298,0.5149426687453728,3.0219197741136457
299,0.6460966204296008,3.323063638962153
300,0.6111468621348726,3.3166467646005438
301,0.8817398764932651,3.920696170884574
302,0.791377743541895,3.7374835477648554
303,0.7636503982493489,3.587494176241467
304,0.7844215268655127,3.68741166969485
305,0.81043254771287,3.7642021308468863
306,0.8012802193990493,3.770623895969526
307,0.6023111434973704,3.3507439952368885
308,0.8582536794839636,3.9176995254540863
309,0.8693512255886645,3.916401681415962
310,0.7660903116004207,3.7659484603770377
311,0.6555540043857934,3.6564506502709038
312,0.7562306870738885,3.6326544873323994
313,0.7970643755898467,3.7085212675123502
314,0.6147484675374674,3.4309839300222267
315,0.7093848641526039,3.4160802945347597
316,0.7457621733371724,3.6730157304580495
317,0.40628187005477956,2.8412314375218464
318,0.9017777456446266,3.965542294040128
319,0.8317090283109089,3.89769613856829
320,0.6384155632028823,3.1350688601169
321,0.7804926440618855,3.7981215260247416
322,0.7225879917604068,3.523506990868776
323,0.7976497408814043,3.8381753514023553
324,0.6936711409117313,3.4328749649220467
325,0.5959680473770446,3.0446119831489153
326,0.6026761865592498,3.3809087627306
327,0.77544671629431,3.664297965881258
328,0.6745214441126837,3.3807559078055593
329,0.6878511082616088,3.422480640401162
330,0.7277347924539761,3.458844919244797
331,0.7298185409916799,3.5244893563311512
332,0.584114541693536,3.323001819073616
333,0.7479990990725198,3.697988639900624
334,0.6995773771384655,3.539973516895477
335,0.5853495863103353,3.4366621783561335
336,0.597717779120476,3.501318792021022
337,0.7062919989045076,3.553958641493344
338,0.7755536156096601,3.6940085009623522
339,0.5835695799368402,2.8861174462964008
340,0.6476670385005004,3.430522381800663
341,0.6542358488578311,3.4407245371774686
342,0.7464237092627051,3.6063662933271776
343,0.7105321298589025,3.5600190118039845
344,0.5607178889326463,3.2349635187059915
345,0.558542592280873,3.387240354176932
346,0.8270609460212264,3.7816965759891707
347,0.7129368303893444,3.452075979116922
348,0.6509656843779239,3.404505797287397
349,0.6337982367636855,3.3598473093013066
350,0.8342973391141688,3.871538516975135
351,0.8210684899055903,3.7601811882910168
352,0.6744197739471229,3.556374019697825
353,0.87691151788141,3.8139856777798684
354,0.6927274186481861,3.6326636403053736
355,0.54324671352776,3.164664746080356
356,0.6659698160386884,3.378883633632671
357,0.6950487058416636,3.5947019215160148
358,0.6093907596759093,3.230050981437908
359,0.8655127241360115,3.9322248278435956
360,0.6263205740214499,3.405562873352224
361,0.44422012962939145,2.9407500410287466
362,0.5199112981804496,2.9143130015440857
363,0.7478187218353485,3.6007859614553723
364,0.8591950516884872,3.8418495329122164
365,0.725281555362258,3.5337250756387304
366,0.5911590438031765,3.289527527328461
367,0.7110143911131602,3.636591910387081
368,0.8506992575863017,3.8853832409931615
369,0.7531856075005098,3.512494908183754
370,0.8653696203925445,3.9146406554198445
371,0.7823590321659192,3.756071849238718
372,0.8517289131534622,3.7610450312287673
373,0.8933928213015843,3.9459066044334774
374,0.8329169340197302,3.7731832456479437
375,0.8044716699387153,3.8059825832658447
376,0.7363226546938911,3.6723738735395095
377,0.7653409396872738,3.7027205053025942
378,0.6300015706989589,3.538075236074841
379,0.6315794298340682,3.353797051533677
380,0.6934166053846186,3.4348187855682744
381,0.5493846377110095,3.297666884758737
382,0.48685375213270016,3.051115591670629
383,0.5569103107670547,3.339669397077806
384,0.7527112894066905,3.620722780096438
385,0.8344278727612304,3.7961638722640614
386,0.7809887539463722,3.677244205965187
387,0.5769780464923007,3.298294382757086
388,0.6387175539421526,3.340980479301277
389,0.4809598403154554,3.0019850631195766
390,0.5032761977961645,2.9884135834431014
391,0.4423510600548199,2.970767559209459
392,0.5104962312964196,3.1790791448223024
393,0.586836566283323,3.3105323971124845
394,0.476670978251718,2.881180090886361
395,0.8056782374633833,3.794244789764525
396,0.7858229297969193,3.791940231459581
397,0.789244000267972,3.735051494096468
398,0.6949023396351285,3.621458472022637
399,0.8296775730921278,3.811396162038519
400,0.6534371153465125,3.3867145784863903
401,0.7201000233311302,3.666313901668575
402,0.7629555926232714,3.8214009928450614
403,0.7674340644365749,3.698182422014183
404,0.7187235697900345,3.6251233428052725
405,0.5773763220315871,3.0254785307140426
406,0.7692727316438203,3.6215532759667037
407,0.5020505731221678,3.2445474697974492
408,0.730811021016272,3.5824826562081253
409,0.7417091497975088,3.6469691149858265
410,0.4558313040607953,3.02657442650029
411,0.6997410970312034,3.5541977517962065
412,0.6476074627243051,3.234064042258908
413,0.5766013677976943,3.3298385942859414
414,0.6541744215217259,3.3340845140826643
415,0.7751960532531542,3.793921643130894
416,0.42926968447389907,2.8177129276056916
417,0.9083565791510274,3.9939721181393995
418,0.6020401752884699,3.317850269208757
419,0.8053516229007771,3.704315330858258
420,0.761593513681678,3.6698075488183846
421,0.8248597442711897,3.87271346782307
422,0.7867930359566736,3.791214593979404
423,0.8238692961251305,3.827466149547074
424,0.7491335431415523,3.7117900703150455
425,0.6741113502156446,3.3222184549797595
426,0.704612402824561,3.57686514563882
427,0.7473403379082655,3.7130542196606484
428,0.8061400059895759,3.683196992085849
429,0.5494876724063404,2.994476981218657
430,0.8519387556897448,3.893479997049253
431,0.7881879935959659,3.797930980718225
432,0.9086430120605179,3.999889583549723
433,0.9092279738472795,3.9653180670597323
434,0.7902577302879931,3.800217238504751
435,0.5813319017641633,3.171071632052261
436,0.3759517242590961,2.7856546654464203
437,0.6667170464925014,3.494552863700075
438,0.6230546100637706,3.4868347827679766
439,0.5548649843061477,3.1026032009548716
440,0.7448082398801189,3.6679284336953017
441,0.5491731999037184,3.1647952322563913
442,0.6867998458811024,3.608392241466566
443,0.6864435802896122,3.309125235114539
444,0.7879203026147106,3.652142091773864
445,0.7079090133618693,3.423077429751783
446,0.8634258674112305,3.8831220595849105
447,0.8606791096876066,3.9074505613528543
448,0.7515173424305679,3.6530717278797447
449,0.7594404012477921,3.6248678505602143
450,0.845129530864944,3.9063167269188646
451,0.8837294381463259,3.954015796923955
452,0.8424708330486543,3.8870391030061944
453,0.9123030692385281,3.9858415844449717
454,0.891266686734901,3.936800972376304
455,0.8616456496073168,3.951556729358325
456,0.7966001269958723,3.851080074957776
457,0.7060082217540685,3.650766135859574
458,0.5743701581752714,3.1295784253230154
459,0.9025264559400413,3.9091054795529367
460,0.6278577833360455,3.425707772727124
461,0.4760193122479391,2.9777007366542767
462,0.4893266668192872,2.955879810502077
463,0.7667749456966709,3.5134380125450124
464,0.4948020028769757,2.9215038526605617
465,0.5638067692702452,2.875632631571706
466,0.7523342200964708,3.6244461768788785
467,0.8163728192652743,3.844493341864489
468,0.6389831432595223,3.237655566065176
469,0.8148520996885195,3.662355367975629
470,0.49481980759803934,2.972779638374122
471,0.44564502191294875,2.684076387505152
472,0.7575424917838207,3.658131678524825
473,0.7843659213546884,3.8104962326324086
474,0.6784368259292634,3.4976533772791814
475,0.7092155607254074,3.454018902566463
476,0.6109240684942016,3.253714867365455
477,0.37092130748761093,2.6019300017098024
478,0.7294851926282725,3.629888127144107
479,0.8293763352729027,3.7778652404028144
480,0.8576176495656715,3.9206990798211176
481,0.7890792515494252,3.699013755001272
482,0.4963382291382471,3.1684710894521255
483,0.7147195889663674,3.5272709479557327
484,0.786491166223694,3.7213197034854018
485,0.759213043619027,3.5779986273325655
486,0.456885318267515,2.9918333707802254
487,0.5462509504464069,2.740864784051638
488,0.5266646400050772,2.8674068063942757
489,0.5298802826227736,2.9537408181496505
490,0.44637220489302926,2.8801408423679593
491,0.6959337898905198,3.3448143183243304
492,0.7330565760921416,3.574841098663797
493,0.7359285126403822,3.6092607826927274
494,0.7701502199498377,3.6133542687228437
495,0.7998050579998515,3.7260979473018416
496,0.7107582951456769,3.4747649230274025
497,0.7765925669747071,3.7494703910412586
498,0.7438794073599583,3.66574219025988